Record,Source,Destination,Connector_MPNs,Pin_or_group,Function,Nominal_voltage_V,Expected_continuous_A,Calculated_worst_case_A,Design_derated_allowance_A,Proposed_conductor,Conductors,Connector_contact_rating_A,Max_one_way_length_m,Warm_loop_resistance_ohm,Warm_voltage_drop_V,Voltage_drop_percent,Fuse_eFuse_relationship,Routing_separation,Status,Evidence_or_review_dependency
HARN-01,Phoenix Contact M12 panel inlet 1419742,PSM-01 protected power module,Panel 1419742; PSM end 43025-0600/43030-0007,24V/GND,24 V system input,24,1.47,2.5,2.5,"20 AWG stranded Cu, UL1007 or equivalent, 105 C",2,7.0,0.5,0.0405,0.101,0.42,PSM input eFuse target 2.35 A; Mean Well source 2.5 A,twist pair; separate from raw analog,FROZEN_FOR_REVIEW,20 AWG selected from drop and terminal range; 18 AWG optional only for handling margin
HARN-02A,PSM-01,Backplane J_PWR,43025-0600/43030-0007 to 43045-0600,1=24V; 2=GND,protected 24 V rail,24,0.41,0.68,0.85,"20 AWG stranded Cu, UL1007 or equivalent, 105 C",2,7.0,0.35,0.0283,0.024,0.10,1.0 A protected branch,route along lower wall; away from analog,FROZEN_FOR_REVIEW,Interface ceiling set by J_AO/J_PWRMOD/J_SAFE allocations
HARN-02B,PSM-01,Backplane J_PWR,43025-0600/43030-0007 to 43045-0600,3=5V; 4=GND,5V_SYS,5,0.305,0.85,1.0,"22 AWG stranded Cu, UL1007 or equivalent, 105 C",2,7.0,0.35,0.0451,0.045,0.90,1.25 A protected branch,route away from pH/ORP probe leads,FROZEN_FOR_REVIEW,Endpoint interface allocations total 0.95 A
HARN-02C,PSM-01,Backplane J_PWR,43025-0600/43030-0007 to 43045-0600,5=12V; 6=GND,reserved 12V_SYS,12,0.0,0.2,0.25,"22 AWG stranded Cu, UL1007 or equivalent, 105 C",2,7.0,0.35,0.0451,0.011,0.09,0.50 A protected branch,route with power bundle,FROZEN_FOR_REVIEW,Reserved; no present load permitted without ECO
HARN-03,CM5IO J17,Waveshare display DSI,CM5IO 22-pin FFC to display 15-pin FFC adapter,MIPI pairs/grounds,MIPI DSI signal,0,0,0,0,signal cable; see construction,controlled-impedance 22-to-15 FFC assembly,signal only,0.2,N/A,N/A,N/A,not applicable,100 ohm differential construction; >=5 mm bend radius; no fold,PROCUREMENT_SELECTION_FOR_REVIEW,Exact cable MPN and contact-side orientation require reviewer/procurement confirmation
HARN-04,PSM-01 dedicated 5 V output,Waveshare display power input,locking 2-pin harness; endpoint housing per display build drawing,+5V/GND,display power,5,0.52,0.8,1.0,"22 AWG stranded Cu, UL1007 or equivalent, 105 C",2,3.0,0.5,0.0644,0.064,1.29,dedicated 1.25 A current-limited branch,do not parallel raw pH/ORP or DSI pairs,FROZEN_WIRE_REQUIREMENT,Connector at display must be confirmed against purchased display revision
HARN-CM5-SIG,Backplane J_CM5,CM5IO J8,90142-0016/90119-2121 to 90142-0040/90119-2121,16 conductors; exact map in schedule,3.3 V GPIO and four returns; no power,3.3,0,0,0,signal cable; see construction,16x 26 AWG; active/return organization,3 A/contact,0.3,N/A,N/A,N/A,no 5 V or 3V3 contacts fitted at J8,separate from 24 V; continuity/short test before mating,FROZEN_FOR_REVIEW,First article must verify unshrouded J8 orientation
HARN-MCU-PWR,Backplane J_MCU,Safety MCU daughtercard,90142-0024; 90119-2110 power / -2121 signal,1=5V; 2/24=GND; 3=3V3 return source,MCU module power/3V3 ownership,5,0.1,0.2,0.25,"22 AWG stranded Cu, UL1007 or equivalent, 105 C",4,3.0,0.3,0.0387,0.010,0.19,shared 5V_SYS; daughtercard 3V3 output limited 0.10 A,bundle signals with returns; keep SWD short,FROZEN_FOR_REVIEW,Daughtercard schematic is a separate approval object
HARN-PH,Backplane J_PH,Atlas isolated pH carrier,22-01-3057/08-50-0032 to 22-23-2051,1=5V;2=GND;3=SCL;4=SDA;5=OFF,pH carrier power/data,5,0.015,0.05,0.1,"22 AWG stranded Cu, UL1007 or equivalent, 105 C",5,4.0,0.3,0.0387,0.004,0.08,shared 5V_SYS; OFF provides controlled disable,"separate from 24 V, relay, CAN/485; label both ends",FROZEN_FOR_REVIEW,Atlas carrier nominal current; allowance includes isolation/startup margin
HARN-ORP,Backplane J_ORP,Atlas isolated ORP carrier,22-01-3057/08-50-0032 to 22-23-2051,1=5V;2=GND;3=SCL;4=SDA;5=OFF,ORP carrier power/data,5,0.015,0.05,0.1,"22 AWG stranded Cu, UL1007 or equivalent, 105 C",5,4.0,0.3,0.0387,0.004,0.08,shared 5V_SYS; OFF provides controlled disable,"separate from 24 V, relay, CAN/485; label both ends",FROZEN_FOR_REVIEW,Atlas carrier nominal current; allowance includes isolation/startup margin
HARN-EC,Backplane J_EC,Atlas isolated conductivity carrier,22-01-3057/08-50-0032 to 22-23-2051,1=5V;2=GND;3=SCL;4=SDA;5=OFF,conductivity carrier power/data,5,0.015,0.05,0.1,"22 AWG stranded Cu, UL1007 or equivalent, 105 C",5,4.0,0.3,0.0387,0.004,0.08,shared 5V_SYS; OFF provides controlled disable,"separate from 24 V, relay, CAN/485; label both ends",FROZEN_FOR_REVIEW,Atlas carrier nominal current; allowance includes isolation/startup margin
HARN-TEMP,Backplane J_TEMP,digital temperature interface,22-01-3047/08-50-0032 to 22-23-2041,1=3V3;2=GND;3=DATA;4=AUX,digital temperature,3.3,0.01,0.03,0.05,"24 AWG stranded Cu, UL1007 or equivalent, 105 C",4,4.0,0.5,0.1024,0.005,0.16,3V3 source current-limited on MCU module,twist DATA with GND for long route; away from relays,FROZEN_FOR_REVIEW,Endpoint must meet the 50 mA interface ceiling
HARN-CAN,Backplane J_CAN,isolated CAN daughtercard,22-01-3067/08-50-0032 to 22-23-2061,1=5V;2=GND;3=TX;4=RX;5=CAN_H;6=CAN_L,CAN module power and bus,5,0.08,0.15,0.2,"22 AWG stranded Cu, UL1007 or equivalent, 105 C",6,4.0,0.3,0.0387,0.008,0.15,daughtercard input branch protection,CAN_H/L 120 ohm twisted pair; termination only at bus ends,FROZEN_FOR_REVIEW,Daughtercard isolation/ESD schematic is a separate approval object
HARN-485,Backplane J_485,isolated RS-485 daughtercard,22-01-3077/08-50-0032 to 22-23-2071,1=5V;2=GND;3=TX;4=RX;5=DE;6=A;7=B,RS-485 module power and bus,5,0.08,0.15,0.2,"22 AWG stranded Cu, UL1007 or equivalent, 105 C",7,4.0,0.3,0.0387,0.008,0.15,daughtercard input branch protection,A/B 120 ohm twisted pair; controlled bias/termination,FROZEN_FOR_REVIEW,Daughtercard isolation/ESD schematic is a separate approval object
HARN-AO,Backplane J_AO,0-10 V daughtercard,43025-0400/43030-0007 to 43045-0400,1=24V;2=GND;3=RS485_A;4=RS485_B,module power and Modbus,24,0.12,0.2,0.25,"22 AWG stranded Cu, UL1007 or equivalent, 105 C",4,7.0,0.35,0.0451,0.011,0.05,0.35 A daughtercard branch protection,A/B twisted; separate 0-10 V outputs from switching harnesses,FROZEN_FOR_REVIEW,External analog loads must be >=10 kohm/channel
HARN-PWRMOD,Backplane J_PWRMOD,external power-module electronics,43025-0800/43030-0007 to 43045-0800,1=24V;2/8=GND;3/4=CAN;5/6=485;7=SAFE,module power/bus/safety,24,0.25,0.4,0.5,"20 AWG stranded Cu, UL1007 or equivalent, 105 C",8,7.0,0.35,0.0283,0.014,0.06,0.75 A branch fuse/eFuse,power pair separate within bundle; twisted bus pairs,FROZEN_FOR_REVIEW,Switched loads require separate fused supply and are excluded
HARN-SAFE,Backplane J_SAFE,safety relay driver,22-01-3047/08-50-0032 to 22-23-2041,1=ENABLE;2/4=GND;3=24V,safe-state relay driver,24,0.04,0.08,0.1,"22 AWG stranded Cu, UL1007 or equivalent, 105 C",4,4.0,0.3,0.0387,0.004,0.02,0.20 A protected branch; flyback at driver,separate from raw analog; de-energize-to-safe,FROZEN_FOR_REVIEW,Relay/driver daughtercard schematic is a separate approval object
HARN-SVC,Backplane J_SVC,service fixture,22-01-3087/08-50-0032 to 22-23-2081,3V3/GND/SWD/UART,fixture-only debug,3.3,0.0,0.03,0.05,"26 AWG stranded Cu, UL1007 or equivalent, 105 C",8,4.0,0.2,0.0651,0.003,0.10,3V3 limited to 100 mA at source; no target backfeed,disconnect during normal operation,FROZEN_FOR_REVIEW,Fixture must not source power
HARN-05,CM5 RF connector,enclosure antenna position,official Raspberry Pi approved CM5 antenna assembly,50 ohm RF,Wi-Fi/Bluetooth,0,0,0,0,signal cable; see construction,50 ohm micro-coax assembly,signal only,0.2,N/A,N/A,N/A,not applicable,respect antenna keepout; no pinch; manufacturer bend radius,PROCUREMENT_SELECTION_FOR_REVIEW,Exact approved antenna SKU and enclosure RF validation remain build-record items
